1.5929691797554408,1.1576476557132462
9.059262093860614,1.4624865246573844
9.155593362810453,3.533201591087346
3.2072021785089895,1.9190865995846131
4.150467404255137,3.8587388212443887
7.379304717181187,-4.254054705813126
-1.3849357165130138,1.623770668232245
-4.217592769406684,3.4154602820822735
5.4637269993557105,0.602189110149256
-4.372938421267514,-2.2618772318275706
9.10482810884917,2.526892425341053
3.2566633514702286,2.6571467521404806
7.13673543598369,1.9631927206689586
0.6460122611234329,3.2343291822358538
8.355740305124407,0.24028620924153277
3.9047466805120035,2.045193823269919
-3.169328516935559,1.905948317365592
-0.3217393851765218,2.6621686493654018
5.267799816598989,3.180427995476604
-3.667255051557169,-1.474706396872648
-1.0496215594943026,0.673134197327645
0.6718003265430808,-0.18042498148956643
-4.22438577774198,-1.5120759463696967
3.7224370009188927,0.63953690601691
-3.3212700723418935,1.4843693878039872
-4.701012881526108,3.5116209425218923
-0.8151898200347611,0.3247722929003123
-0.04339645176006357,-0.4178536233446266
-1.759223292326598,3.6625062453847903
7.5297258891313135,3.553893892749798
6.862078829221028,1.1250363326358297
-0.4849590392971823,1.922726503415241
0.6114751624218133,2.9930482210413256
-0.7094861702810586,-0.2947108266027181
-4.252337333890078,1.5971048854530956
3.3797424354444967,1.754386900160494
4.912857728496325,-0.5910067063337952
5.87948810258813,-0.47595432755531064
-4.226941193769298,-4.315322168084958
8.339538538505165,0.6655095765287102
-3.58365085377545,1.7647311551940632
5.474701957480114,3.0078309284281186
4.758939506339944,1.8256537587301267
0.8026028131991687,3.3623135311045704
3.3586953143852885,3.2353594415518057
3.3232218913814595,2.9003689239453188
7.407383249892851,-2.1151218009076134
6.261399553454353,0.5676787427771322
3.2080546236040615,2.0776614988610085
4.153385055278672,3.5392638022731084
3.479466483929736,1.4481825380512916
-3.876806040568157,2.345461457616656
-3.467524053455346,-0.6587462255154621
6.716578526331666,2.087264422782246
8.239673758663336,1.021858842926787
6.259074678027071,0.09847237658397123
9.08487533236123,-2.454897019240054
1.2465666500273818,1.6901380334118574
8.831381739362897,-3.411943523189779
2.546921631812074,0.5866737754918736
-4.7812992878102945,3.083791676444104
8.495182443218171,-5.435705051014093
1.2823877801859433,0.2179243255421479
-4.052609251571015,-3.8464618580963474
3.7406150549761303,1.5478814017147862
-0.11141532112108177,1.5393982086540108
-2.174673790770306,0.2198278559619693
1.3883919144915309,3.4904278702387455
-1.0876988976572255,0.42067254824180367
1.1959698394100027,0.16163810037992388
8.738531035797612,0.6565045409590944
8.14373744580003,-2.1137275541303584
-0.6446299448532535,-0.12377584405666564
5.189138693898675,1.1712860372717406
4.7046616520908895,-0.607610575466281
3.707900470921947,2.73773661062671
-3.3895839201705082,2.6077125566555637
-4.738892629560643,-2.134240300534752
0.43923410152303166,0.38829150089346687
8.463795469814578,1.8918787035492635
2.8386983393138845,2.5649424516407446
2.9612588038373087,1.8326369473974697
-0.9452143516715505,3.856600524300406
7.120039472537547,1.6154340607243522
0.4920913207605837,1.2693437352494694
-4.044391953859408,2.1510491919139554
5.0344240289936515,0.8886739639780386
2.3765780742213156,3.9024806922938886
1.35275731701236,2.3565382315160903
-3.457600490474837,0.9351342479986471
-1.8896143379614156,2.4409026340184887
8.347360538090594,-0.846327053604349
-3.8766087773547433,2.9100439489675125
5.762233500659727,0.14442095389526077
-0.4037001335521193,0.44807526652350926
7.517830348620958,-4.101722831184916
1.0756696647365986,0.2094466462613731
8.892069302753166,-3.11816081162586
0.0747125885186879,2.7386262363606964
-1.4623715963915744,1.339593697595034
-4.335245740585126,-2.1191965423817054
9.009494621269695,-1.7725386718238658
5.208678033942261,0.9560433953168532
5.4113261616810995,0.7849759270771628
8.295867651138812,-0.33858826115936047
2.5084257920067525,1.8245606113820863
-3.834320778143904,-3.9497656223169932
7.265700317228681,2.0184633076871332
7.311417972519534,1.6104769517943858
-3.624556980686384,3.617619476442629
9.126576878757334,2.359611416159943
7.545670183849422,-5.244173937328815
6.378958428247497,0.13920667100986783
-3.988161808822554,-0.791963509157104
-4.8410721038729365,1.4857669075375917
5.039403408438163,2.5758222054767224
-4.05875857397379,3.081439483753341
4.922424856962362,3.6169082973470488
-3.2047223732744623,1.923440878546705
8.118014655209828,-0.4227420231299517
8.508645692872847,1.0833770067774617
7.059489952211512,2.388874981558203
-1.6854430124695146,3.307788206287629
6.1507297200452555,1.8014836296949657
5.287420390768963,3.6003159726551868
6.3412026571829845,-0.19375115053466008
8.096884446132107,-2.6904682689368187
-2.4512520639939006,0.3314267382797311
7.706351593881308,-2.8805439847868617
6.8818286681482785,2.178515583042465
6.808106977117788,-0.36245459083954845
8.620422508344793,-2.778593843988259
6.8870577406658136,1.9992190048822192
5.233229808944069,4.008666323289743
6.99521496117697,2.934886843946815
3.8670337585714716,2.335520084213437
-4.288624364521498,-1.1096046496515495
8.235927270193633,-4.505696612720391
8.156598215542,-0.8405718219632261
-1.7945616089069825,1.7475276911571722
-3.839016483413906,3.0660658991719387
-3.953440510865282,3.36259756560122
7.849173466747759,-2.866119477785049
-4.109179668443071,-4.166045187082613
2.799490781494084,-0.6914337549335974
-4.775727213010729,-1.858777687905378
2.3442320366033265,4.004961164513521
-3.9694358152153586,-3.91491504560949
8.377898497253941,-0.8341484713099545
8.844664748040483,2.793800046003943
-4.4358648975334845,-1.0875334796160177
3.553805598164793,-0.6561681606552279
6.400725760792003,3.451569554895098
8.87752296258992,3.0541692625213663
-3.68279581912147,-1.9471134917351929
-3.763948188318097,1.9985719917022386
8.55340475437569,3.498155720445647
-3.7775382017983175,-3.9380548869372474
1.1645320607261649,2.902397210247676
9.035267903183259,-4.998600325670241
5.688785278225724,1.9110578623515675
7.093530106948002,3.7626556279780683
-1.5037285102895899,-0.47657559569818186
8.263540401898029,-2.9232577950585488
7.666456281896977,2.4023698149616504
9.156584538343916,3.8033497700606667
8.778091804158642,-4.518884119282207
2.6795701196980914,3.147388933367509
-2.9415701706779074,2.4013321303047785
8.570079498790854,-1.6359780171830254
-3.6523037360249653,-1.547473738367743
-3.363298868413844,3.1895032128367014
-3.6194048656448166,-3.63173547162434
8.544840474094746,2.232667598443701
-4.594441467887163,-1.7231469743865864
-1.4461703995526882,1.7347985686331935
1.9453251543373815,-0.6282187002266131
1.8549690303213966,-0.34225095532118033
2.8188526918960672,-0.5803598539021779
-4.713507056240916,-3.981890498823419
-0.1830522188921062,1.4513009774837666
0.3376645358224808,0.9566085851845294
-3.4192181839980145,3.397617559936224
-0.38304574862057184,3.626148038237284
-1.9705956887731673,2.2410023981208447
8.618459374334735,-2.8729381615610254
-3.9008730451842157,3.378897987841553
8.05892977706886,0.2363295247969175
4.6245731996990855,4.027745505557036
-4.4125923917470375,-2.923185383130896
-4.583533935649804,-2.5549194414977046
8.234875755425609,2.225964520061831
8.057672266063893,3.0245891099581605
8.193734387910606,-4.770184218404028
6.3508738658731065,0.35666486155579147
8.447203890093549,2.876842612215876
-2.895722947122679,1.4981205535480884
0.910054529272939,3.2810841532318538
5.541316415657372,1.6880146869641006
4.921474789149119,-0.3414206055610993
7.168914292625189,-0.5545653549509915
8.145769281067698,-2.548381884339416
-2.3909267614087533,3.3122480605598863
8.852224752217351,0.33157448590957994
7.141389990619297,0.29401856718195063
-0.12802435087682706,0.6817352714179714
5.710242460050258,0.6830363758596576
-3.3744470269613314,-4.4242072725553205
3.274759828122182,1.2613543716379132
4.966440270912425,1.3729672519391887
2.4174574516402476,3.507155930979904
8.378913829773898,-2.719255061493966
-0.2763348837958661,1.5292419082472515
8.466130959880962,1.7736714619865932
3.9709076992195147,2.6387082108939346
-3.060430342204629,3.1518003623644084
6.04163985480816,3.376682463252683
-4.964235128237041,1.077599805684673
8.400639020422032,0.8417830259515551
-2.7560849545337742,1.9182834294232194
1.3852468196130099,1.7333488648908357
6.293447776981621,1.7336243699356277
7.363406256217376,-4.818333351780672
5.060845396810699,1.7031975370551322
-2.468622586672244,0.046081486709506514
8.770090781192975,-3.532923848588803
-4.902289158959551,3.1478590687847934
5.076938981761723,2.2636890910460234
9.110001989189799,2.2728670395386565
7.037889853283096,2.1175926799969282
4.893180462327548,0.5675357603327713
-2.5460409042841015,3.3791474677007454
6.772385273013535,0.21013490155086867
7.999786396041655,-1.8631064108303201
-4.777691614844158,-3.5503493140879643
5.619619073254054,3.721187681996982
3.1369038885411484,-0.6474402971940432
7.559241196219125,0.14672995668526934
-4.15654847042098,0.6591259215861607
-2.324195167447463,1.1666293231935123
8.546804694448904,-5.4158688193999245
7.193535356925388,0.6078111007065115
-3.6554803524632296,-1.047845752038751
5.546225808617779,-0.3268042439270653
6.459049038156378,1.674283845920904
-4.60597199038282,-2.4524600663701306
7.13390056735671,0.41761175472957035
5.836089855314453,2.0806829388894155
-1.892813259749162,4.002391236203973
1.3394896228556874,2.9237935371528856
8.980594430372896,2.4926833174712044
8.594134807140989,2.234160372384414
8.77738090921591,-4.907580999156837
9.167813724578227,1.3718241142480867
7.082521303093316,2.9468270895995445
8.160400053655515,3.5791635121966543
4.469585353263442,3.9761467443775658
-3.667847258625899,-3.9387904973843235
-4.992632329922914,2.736048099816328
3.8234742004014244,3.9394008255219237
4.890343954224047,1.5928091914587732
-0.37028426017840843,-0.6584285677460802
0.7388890068374305,1.2799209930427144
8.061118025542171,3.471165710465117
-0.6855722744934329,2.554077231653947
2.8656392325044227,2.613424984116687
4.939347321384664,-0.010747240001003355
8.466843140292209,-1.43466705137401
-4.33595698873932,-3.0769079265155135
-0.07692624599916087,0.7228546512502154
6.28600995687113,2.3027398703782342
7.941576684002511,-5.714912727322888
-1.5832858966377872,2.304241383965275
8.914536539981556,-1.6486105997178555
-4.960153510687638,1.1411263382032768
5.5955181511835175,3.046706531404185
-2.913312729424373,3.326821760932239
4.904146595548154,-0.2917101821919905
-4.043412954348503,-4.453311350938664
6.4103506387776115,1.3846815768520004
7.932540995767779,-5.231555150423161
-1.4657105057767055,3.2619371611019226
-3.5938416450104285,1.8337474613682243
-1.1652945451847225,3.428493669147599
8.403740846474017,1.782330432439112
1.207996689254692,2.9564223096456566
-1.6879613353906473,3.73461031266668
5.674136768344249,0.1353922235706948
6.459556758899135,1.852105615582996
2.4082570543129442,2.363698934959867
1.5603246690554275,2.7518267083752583
-1.873969668476394,1.5828563959163873
1.1318465047496886,0.5834031907040753
8.281519748339147,-1.5511863192686732
-4.144731351096281,1.439612755568147
5.025657498297321,3.750759094502934
3.298519117075445,1.746829676587911
-1.4003098976229653,2.886368652929402
-1.1221887120099154,0.24153978368121365
5.617814238939996,1.2875110066501474
-1.2577031132785228,2.8151045592438617
-2.0539326379193965,0.8731301204610675
3.945331815133004,2.0197492066623646
6.614310175110532,0.7746820947666677
3.126382991344583,3.4408220984094537
7.4619358476248685,-3.5073115615180255
-3.8762999328262246,2.5359663425321877
-2.3764857800274446,3.3891193885190347
-3.646181880041726,0.37460992291518735
9.009608054179967,-3.228471072378011
4.15178171029126,3.91304043792422
8.357416516050831,-5.165381878123375
-4.82258576346338,2.948091274711034
-0.7449746180764665,-0.6609735694776173
5.283329028092984,-0.6471275749580156
4.902162105135197,0.17828199627341768
7.410171897242684,2.0959753717768024
-4.571442265672516,2.909162933331544
8.649181339244931,-3.313072056170482
-2.5227274580895442,0.14447330813767323
1.5878762613301989,2.804690506593026
-1.476477015275882,2.2373690379540605
9.158512193124814,3.255936381712022
8.073835454889878,3.365991044415038
6.711009719681758,1.4451951603966409
5.646638611520849,2.0253844183407956
-4.618058952540713,-3.825746848405028
7.141529577287095,2.459654876533648
-1.8755724945148247,0.7061670633401835
7.16766047412821,0.4656441274982024
8.673248664283149,3.1630566982654553
1.0994343901925854,2.819104982482237
8.806892987741076,-4.677541280482603
-2.3634826802059656,3.5472639277610085
-2.4055947759731344,1.906351855269179
-2.296200698989398,2.8804685974896174
3.2797753460078773,1.9146840361408763
-0.5511549679827725,0.1364807763818101
8.255447322762965,-5.266639987464779
8.63469500286533,0.2190036007416145
0.9041481989661078,-0.2322354709193446
-0.6599008955034327,3.9449364317411657
-4.4644866428704395,-0.9468880811086251
5.096401705210505,2.6871268608972905
6.090028996610103,1.8995156374647557
-0.9179047838090213,0.3498404668550723
-3.5028966871075,2.5588687810772814
8.681852446544772,-5.383522184353059
-1.6698216722395465,2.1758368575002756
5.202382394124498,0.3445719587862959
-4.331604215488138,-4.424702127018638
7.713680369942342,3.0509919869226856
4.926829810301864,1.0949738552726291
1.6567879449819438,1.1013667849793292
5.673692310551653,0.8480204574122894
1.4614387738408272,0.12941952039002214
-2.399788265976173,-0.18610654922631298
9.02962379128309,0.7521555278479655
8.416440653725868,-0.02012007022857354
-4.5367623086725155,-2.2834143845831436
0.8735772289456465,3.765849967596136
6.078609964385718,-0.4752884674633844
7.342988271117262,-0.6140305388062952
-0.1774411812054968,0.11404061618237282
-2.578532872316777,2.7170383904040953
5.009372648614503,-0.2039556756053882
8.698707556516732,2.042079727702914
-4.886240758636047,1.50867106242403
3.9604518168867635,3.1123680663859083
0.7498386734508724,-0.21931277467271748
-3.685323961243601,3.4461819393693265
-4.122629220583691,-3.3940184868888394
-4.691707384832863,-2.9689217742918053
2.7379486202098686,0.4683519064343642
-1.8245213734917214,1.5414888572979573
4.603781839140593,-0.1359244839753888
-0.9740270042976968,-0.4674432235460815
0.27187565348477616,3.4290195959898213
-2.6978107654514543,3.2000969783167896
7.834081956812401,0.6855217294005609
-1.6407005038079072,3.9221394031043566
-2.332386638489096,2.409320596270206
9.172825912752526,-5.169081142551477
7.498486969681132,-0.01126714662329853
3.8927818390761413,3.9913816491577077
-4.860417863504007,-3.466095368381483
-0.9859208322398407,4.001991955649743
4.078363619274576,-0.4097986795442399
-1.4714681368172773,3.6034584941570866
4.850127493073559,0.607613042799974
0.4236900901853362,1.2991913527130485
-0.6556816131722458,3.643661368726802
-3.2996196699311033,2.703417921057328
-3.2327963521753547,3.2189709573192857
5.6572387208582136,1.809696960868342
9.222738208656102,-5.252587799360675
-0.6180255623920532,3.5664245213634747
8.410465907599042,0.21895046926732942
7.560068782681697,3.654026803879008
-2.944767787451302,3.0678529036322626
6.974968729293495,2.9971698807997846
3.688661635911963,3.4663180868579406
-1.5843027565601266,0.316784299351486
4.033251571632833,3.7943872878399
6.411657155803873,0.11471253251969582
4.713038226024315,0.9866465492304961
9.18128301275068,2.601215703621591
-0.4523914132321645,1.5533286485505267
2.7938735015192044,0.8763648838023341
0.8431248861107967,3.7138728349626984
-2.2582125567901876,3.367363119474472
1.417328340796291,2.3402577793458583
-0.9394802527347368,1.3071011044993401
-0.09484306595408487,-0.662778706171756
5.132673887581005,2.905046790449253
3.1344587580959846,3.285756778932498
-4.719088137591427,-0.861653918823067
0.7914190138386514,-0.14006490476548805
-3.237967169458379,3.2308912782223107
9.036125811509097,-2.0968326578696717
8.791594707798623,-4.005143697566754
8.223712023105364,-0.588177321652954
8.708654086988066,0.19056019144199876
3.9586515283516537,1.6339259742983092
-0.10050098114911155,1.751591641219374
8.978077906321179,1.4356320423644426
3.060347957823831,2.3934651002546037
-1.563304208242025,3.6071810076722546
6.516897988245571,-0.14543860622205873
-4.686459677799342,0.8793828106151533
-0.8721431580380337,2.8338005721319064
-0.3796339021636763,0.9363437167308382
5.325277802586648,-0.05616391140136301
0.5495138222557703,2.855265283667837
9.051540667379518,3.321981555075384
-1.262759001605235,-0.15598575555409688
7.3375652432184815,-0.18437582236692318
7.0369641831285055,0.028083852722968317
0.6176413050111194,3.4235233997039476
1.5042147491834905,1.3793173656834634
-1.027796844507277,-0.6172467599031917
0.3394572207784847,3.58964157393339
-4.103441848807885,2.6817347438970423
5.513001317590476,3.757801000760942
3.3516719947730422,3.1616984536199375
5.566344467936803,2.020141381132749
-1.3460443986686146,3.191271092299081
-3.835709007641045,1.4919302871019733
5.644731133092002,1.7403551670497226
-3.7917314106539735,-1.675534908285048
1.2607382745344484,3.188919001118135
3.6061395625516166,0.6371246237264545
7.087567085303061,3.035937149032602
6.660792531333522,-0.09451391774962747
9.04871984430922,-1.3378978898282812
-2.075962459363566,-0.47273128313178425
1.2399590315584694,0.9541308062237155
2.6734233047757545,2.9397007348342026
1.2185692762773321,2.1187342451330853
7.693962114141513,-5.544316539391418
8.077976828348529,2.032280815489573
1.580764666037612,2.400967463938155
-2.7347502092860076,2.9429073785426425
2.8105398899121568,-0.5813294223439867
5.840693489455711,0.972901213350756
-4.963863431518718,-2.472149556227212
3.1179900593754173,2.1911558789380425
4.69001487687648,1.558319345367602
5.961580892466696,0.2832682423062636
-4.556229264272924,3.1304985856941094
6.871421212537131,1.8198608390126072
8.34428742665979,-2.078274740949235
-2.318719423982995,0.02798321153881922
7.294052000478388,2.9451575247893764
-1.0871424637558071,3.5821393516681823
5.040681201829784,2.2316221932127807
0.7302848947412386,3.1818699475506396
3.4570467307377477,2.585807129426998
-2.1405819814507137,0.1938229349407683
9.154604088259234,-2.985545999356114
5.659497913400463,2.04534414775919
7.528213952013658,-4.413182496266548
-3.468583883160507,2.856223627621457
8.370249470912805,1.4449878233116547
6.306377778309418,3.6177451574534274
-1.4444784875872472,0.7894372605634405
-4.636777515337735,-1.7526514471556727
3.9577550790111395,3.4091426997733763
0.3686763753951183,-0.22637527217699915
5.029127755900673,-0.30545012126321325
-3.3785605101561766,1.570114014238814
3.390792767069426,1.6093972713272322
-3.000096862447424,3.1407676653636507
7.282649345752878,0.6186454643531798
6.863781741697281,1.9377420339327962
-1.5831562530501735,1.76409420245729
-4.698728337259393,-4.505401494067495
0.1982403838814717,2.3352730373317563
8.545797406772001,-3.8169505361320013
4.957640080510975,2.1769750679732063
8.548329125614638,-0.17663288709033864
-3.018541543592187,2.0910896341046143
6.2138846595669115,3.600252641367538
-1.7492340673219888,3.3767724812775537
-3.358144379689085,2.4062960626145653
5.043439423099473,2.027187014734423
-4.545113881150789,-0.8866162145578764
2.62843110469222,2.2864833087380436
7.342115846029289,3.1421471322971968
-2.2825483582473867,1.4889246186875047
0.934187228372239,3.165661799608861
7.667083963258172,0.08708866604836096
3.1627590106569787,2.61293402993317
-0.020809825322774422,0.7617872869283326
7.08110432471166,2.2789087436386417
7.600567777059645,0.02566340804874212
-4.868961182122387,2.478522919744341
-2.921653505070599,2.4831440373353466
-3.2656208836124367,1.7315171913448069
5.618935473376483,1.458981552902653
-1.488796885865149,2.7807317085110554
-4.951453347418478,-0.6590145206112474
9.167858766011909,-0.5453795531052474
8.660837790388348,3.987872637103976
8.902536242456991,-3.023597171399054
-2.7529438898489405,2.195112783940493
8.785431918971065,-2.7378689621943093
9.070895471988488,-2.6063940138835324
-1.3811368657984824,2.4569967153913073
3.846298876475016,2.9929533154323558
0.20842671091772758,0.4124153558088439
5.217849483422235,-0.6819106358285705
-0.3728626083798696,0.24690737872665647
-1.4715536925838473,0.7895255783108448
-4.2462036369657605,-3.156462917593277
-4.2851301585545745,2.630715499033185
3.111039518761963,3.705066937161689
7.572793484979005,3.6154517257322176
-4.478670800290185,-3.394771410049359
-0.04586807756825628,2.464123833169255
3.591044499822438,0.7093978572877386
5.203004653774883,-0.5006656887788852
8.335372111844821,-0.3383031976116291
7.604357974036233,0.9379272495069104
8.730291685218168,-0.4654632185289662
-3.3281520684873414,2.6802616295698787
1.247907844242536,0.9277068556158019
8.490197078008734,3.1308784147122335
-3.8339731723828283,-0.5893486433804558
0.29059601059290596,-0.2966451732834674
-2.597507120091778,1.3565598443730966
7.8250658478793955,-4.337564792777774
-4.900513836537597,-2.0865504774465924
8.871792567128534,3.309089135450895
-2.4498665115374316,1.2106464770617258
-4.103373102803305,1.5078982442984943
-3.535138477061015,0.6584451161810243
8.485934169448047,-1.9137875500263695
7.738236023937224,1.7811765810352789
8.807312286982443,1.3039124758904022
-4.376926067343951,3.8460241858514372
8.469428073638905,-0.7856653251048797
4.841302349378356,0.04208872118391316
8.559404712811972,1.4868354438377338
0.32386437268320023,-0.3863883643824604
-1.6965929999006155,2.1298318607042876
8.586252053117667,3.098544407959835
-3.2125116396388074,1.7983165251989757
-4.788204960106357,0.997749864366023
8.90516454275343,-3.6499464966430257
9.073641859685923,2.4954340729394993
1.0336567172229998,-0.684831023385037
-3.7845437706694893,3.514070300554085
8.420110601603175,-3.4164149577239895
2.5895677662332997,3.914857149584556
8.292165730104802,-4.665567931890022
-4.812768363874809,-4.151417682754429
4.819766229340672,2.0381600801351585
3.264377603057099,1.8908158824378418
6.566839828457402,3.2944821929060364
-1.024175184398068,1.6644991995721607
6.838619064413125,-0.37668357886503756
4.804086855031835,0.6071135679476107
-1.6524771353668672,3.4174307131493133
-1.6629973945172472,0.713702004853074
9.06894631664098,3.864445526584598
6.61899011576245,3.5418972873198467
9.141224168718578,1.2592090981124873
-3.239327142845894,2.9068615655982413
-2.1201601096692118,2.1327546086589333
9.173780920879414,0.15803915960440396
1.4246506881859071,-0.5171229347417459
0.9115757943253548,3.2773734460929713
3.2516008153831457,3.1244337499431865
1.3971939656690857,2.2554858555838173
-1.68506586639365,-0.38984388113642243
8.05147790124037,-2.2151762464886353
0.6284661290935984,2.611280758503902
7.843779451949725,3.866927211663228
6.139577891542684,-0.17963832260079027
5.417131212400964,3.2615295327433813
-2.468700608931901,2.5813370525469814
-1.3939808629753854,3.592241809855963
-1.754380553633585,3.320034470196635
6.154653856631899,2.336088480734352
9.127696400105025,-2.647526443332162
-5.0062274631549135,3.0523473153628657
-0.5401896977723144,-0.21070831529976708
5.444767782514216,0.5455622067545418
8.816547029003655,-0.5015720012972267
-4.458979180063109,1.0805312380789545
-3.734072651192049,2.644197590995642
-4.436715327542796,3.442351841923635
-3.1080910557074883,1.7752571008619231
8.199669439065326,-5.618339458968276
7.616621428072751,-5.623896526866391
4.391393775048218,-0.4200818876536978
-4.177958553918429,3.5212571346995105
6.082260018633706,0.22671544639514085
5.514926108296409,0.0072626919923086675
3.0738185919222527,1.0515210275031839
-2.4828566731489623,1.055125364025824
-0.822976973504498,0.5431106406857928
6.886620994115448,0.8696206818430481
-1.8596982617912001,0.5796821308299611
5.807609530354549,1.9476243289642898
4.44247799066979,3.8048049678082467
0.2768290477822841,3.781496966617203
-2.2069913750889416,3.210176397689567
0.5717190087082562,2.417536414650021
4.183847595932118,3.4863067354048525
5.083626205877236,0.0355655711261873
8.356266236859723,-4.480858374688074
9.185864377476639,-3.5398774001974185
3.336564278596759,3.731838634877901
-2.929114342740621,2.6455237583336437
-0.1956938726721651,3.047981311228691
1.5907609669738223,3.5566800823979303
-2.043239895606492,2.866367666343166
3.744396204467149,2.4361815229706814
-1.1497410077166164,-0.2908918701006691
-2.4197078567210415,3.2792806182367684
7.658810197714308,-5.270353199085857
0.8243071428395856,0.12101280555935467
-0.8072124106610339,1.5202986259281541
1.6764733112858385,0.12411098306273782
6.909835765146198,2.7931490420702563
-4.614824991827532,-2.0454632967012776
7.773381317736314,-3.496431894426767
8.742435127814879,-3.2993078909889566
8.541456295731292,-5.723973276044368
6.197921310269917,3.1907904608698914
-0.47343963370596587,-0.6974238880930388
8.288194214551238,-5.605020546492537
8.559626211506496,3.2437709370709857
3.2046137302794087,1.72803087893619
0.4579514609828017,2.7786557751832177
-3.597575300383765,-0.434438911027776
7.032537611941962,2.948377978783773
1.4981020091151445,2.7867749871054244
8.8367449738092,1.1405571010485156
8.277593315656041,-1.148251445070776
7.358614094694582,-1.5540000572445694
5.573072224106134,0.39965030405237023
-0.8311177851642597,3.811920568945686
1.3377142293595536,-0.14932719499814784
8.346610038635053,-1.5208951123691774
0.40265143133538484,1.2569064239725938
8.20353525084355,-0.334331670118611
8.787941129908793,-2.626178250948486
6.794482948928298,3.7889282386764283
7.340452599423568,1.5000982758736638
8.926715771027654,2.994236581368787
5.226681842267173,3.298537602272379
0.3824995215476603,1.2811020297117093
-0.16092258884014843,-0.31522086472105393
9.07066187993719,2.6710335665607055
8.84619655104558,-1.7270567228840763
0.10349467519703381,0.6199123654467567
-4.414994892005052,0.758298321072953
2.6241020565435473,2.3249669449657837
-3.8453440167456483,-1.1057782611293492
-3.7915514126171335,2.8123041871339307
3.8504064535101747,2.3597015184693575
8.950493670527976,2.3253945413038366
-4.93858887634467,-2.5252379856863043
-3.703541204885427,0.3760081511655642
8.650052013777893,-3.842819072792108
-2.5351105697334697,2.7180355171635853
2.819932652273419,3.411509612607052
-1.0167691558617227,2.670968023454373
0.7099458523747542,-0.4881914242245262
-2.2232911362713326,0.6993518105303229
6.926663923067677,2.0012495408222417
6.211753598934646,0.7520825819017602
8.729805395577012,0.1326720155350669
0.7039758132670677,-0.33703589354162133
-0.8215422474124514,1.8138808552644416
-3.2333989207699685,2.2250066239978583
0.727805636876484,3.6717764719800865
8.195455449527143,-2.963676676286435
6.862977100336247,0.6309192070608667
8.276243152860133,-0.5521332951640634
5.650270376357605,1.3299509612695237
-1.5237379772872028,0.07539507354792807
-4.494976305274023,-2.5141186890753047
3.983402622404636,1.9934679707139669
0.9102056368157134,2.0203304480173188
3.1479307746917016,-0.3455110313595924
-4.396627216079007,3.627865315112361
6.431270960470503,0.38490432850046297
6.31507271853768,1.0143700100215414
-1.6371863677368523,3.5914227389191193
0.605020963073855,2.1975515154362455
8.610572326898582,-4.344315031452413
-3.556096552579177,-3.9789239362593043
5.390683232785106,1.60429558443691
-1.4541833061851515,2.097653774192816
6.323300238330743,3.4813883639642853
-0.3644995116042189,-0.3852221243104399
9.222634085601301,-4.2107196614251805
2.4109281505410376,1.620581691713861
-2.5143680813318072,0.7560980941865445
-3.1230226893515862,2.6080334167522743
2.626155715256022,1.542090531395628
0.19614646791669532,2.1794492217015495
5.345621907116081,-0.17586706965154697
-4.302484382457838,0.7347406598268238
-0.4077152786676477,2.185511795087555
-2.082160855487351,0.3446958608958326
8.45808525589093,-4.506822126707325
8.552687957938327,-4.674221921712752
7.86261549914863,-3.679934149659547
-1.6696329175539573,-0.6566198702689521
2.97644205528281,2.147256769519302
9.134706926991452,-2.5679197364838404
8.665180942025561,-0.21643537685239878
-4.439744791804076,-2.616977401126058
-2.5559672375308446,2.8312181751313954
8.19021040780707,2.6909486208653934
-4.412517827427915,-2.089799636146255
5.021181761397536,0.37652491076408
4.917033756283212,1.9114392969550096
-3.9507159447815003,-2.1647025933108095
-3.911479926582201,1.4439304611874988
-2.223922390997086,1.0872301988397126
1.2268407816318216,1.5770729068781906
0.8092257274568162,1.4784058935174933
5.477105377160743,3.008891772618627
-4.747434399528857,0.8314265268481327
7.342211658076861,1.5020547574237693
3.398659231333424,3.4983781521256354
8.249356905653045,-1.0345507513166359
4.939200890005537,1.2349106306335367
-2.6848126445459934,0.287469093379368
-1.880884967938465,1.4470474615299036
-1.4743009745763436,0.47589124717251785
-1.057852755614931,0.0741466001335267
7.89155040506747,-2.359029582715615
-4.652166074515957,-3.5806466281509586
8.606580577893373,-2.2995237942233775
6.5417010471774315,-0.1377411715282708
-4.1902215598679735,0.9847780722702133
8.112246676893744,-0.17915575377842963
8.27183232728855,-2.1173346484561018
0.19920124736318545,1.550321152092633
3.1991403917877417,0.43031420350569327
5.1766047476612815,2.032571759060465
4.5435257181746636,-0.5760581874701662
2.4390536982148987,3.4006002667894144
-0.7997391441149242,3.2376786650335916
-0.9868936475489463,0.08523331968044712
8.138060087221444,-1.199924179459539
5.4226123347351916,0.6040709134694726
-1.4434040911824226,2.998130076227577
7.493860931661404,2.1376318481362766
8.34012635504113,-4.749987295374142
-3.5046817348265797,3.325900541235704
0.16437343130467585,-0.3407206667061411
3.002255819896064,3.388728432569364
7.188772468933408,3.2056236746807922
-0.8662966901267577,3.5610186808399735
-0.8948040268783366,1.9780557456673247
0.3013358037452454,3.078373728062095
1.078354037135263,2.9675849368882243
0.08620540802564669,-0.5929832553696954
7.3608824446195324,-4.009193781062021
1.35176001006326,-0.3062124186059929
0.14016264904891607,2.9917527777823913
2.414903549586647,2.390827504879379
0.29426127899055743,3.7022924625033973
2.65553104344448,2.0292929566169082
5.120608118014134,-0.6210253526188927
3.2255090905066393,-0.6149191877288303
5.155656417623652,2.6250176620474956
-5.060602086279635,1.7701890372375484
7.671883208861569,-4.288523981856477
7.709408113675057,-2.733247550973962
2.790675887054329,3.4048021934888837
9.14058520722442,2.752856745710229
-2.7751728743019024,2.1597184375969967
8.372549068516136,-0.295685148548527
3.712760242685576,2.252530081356788
5.952206868113768,0.23763549624984748
-4.568527264583579,3.8081536295168483
0.8679453408281601,2.7569224401200767
8.72893226727484,1.3705525475606528
-3.9033939994953695,-4.036596250427958
0.002884410988255759,0.4655692247367247
5.38052053166269,0.7702625689577332
8.294970717497554,1.4997514595441759
-3.6060868011286744,-0.9998420180979881
8.660748114090136,1.91395129055363
6.3187904974580125,1.0694966170680482
-3.4806437507407,-1.0216967221192093
4.674759801182381,-0.2687630289809908
-4.768009790609165,3.145667431191505
-3.928870546020915,-4.408573511499082
5.937635445879419,2.1255466538315275
8.694666033539695,3.6934359745482688
3.1612750016887574,0.8383788933251788
-4.234282372190569,-1.17541487110047
-2.4541254801388965,1.8664487461188841
8.202113850357202,1.0193449427347927
-3.99309112906618,2.442067092603409
8.395138831734439,-1.1067949701547937
1.0436394410877856,0.5726753492693675
-1.6729929110294774,1.7377243914677205
-4.95397431110486,-1.0287515773442983
-4.070807328784536,-2.3199198246555097
3.726912662333895,-0.5525614292436192
5.60765681042864,1.1830646075492313
5.260521996154138,0.8899210479834645
8.254650534353496,3.2693902737851452
8.700414211094566,-1.8646533328180297
7.125043769638504,0.6665789580692998
3.3806262881714773,1.387923255381434
7.494440935501499,-5.688793602332366
2.55244438670557,2.328882977009126
-4.42941552566511,2.827128429565793
-4.47654197815799,-3.6389670299628767
7.713348410333754,-4.349329468296812
-2.0297164721133654,2.2748642385827953
-4.25087971155919,3.789504432235816
8.531637952074405,-4.617177557854437
-1.2972593586572527,3.9783522664328412
8.620042917582941,-0.36639526879947937
-0.9466820111909842,3.1014468571194787
2.4748125733012305,2.1571653244621185
-2.8366694696504573,3.401227190758327
9.150903525517498,-4.023183809353181
1.0539974705341448,-0.5044722141351219
8.409080687939015,-1.5696504561025533
9.04196270635946,0.2998859907841931
6.977972865258431,3.0066275944248666
8.101291505250394,2.7382979230514373
8.421726669366885,-1.4994362976042392
9.143555891699231,-1.5344935707524554
-3.9711167859990386,-3.7372317375973716
5.532728104045352,2.0341873011988714
-3.6573987638062473,1.5504485012088418
7.287887263864878,-0.11377035378369449
-2.3557376800853054,2.7085781901196366
6.972054141761056,-0.10988409960674961
8.113960325190323,-2.4351258182890083
0.7614989986614713,2.912180920219816
7.699728316085402,3.9720673223365015
2.48854541663216,1.3990514040571158
0.48326697522709683,1.8450915948804134
8.132077450151481,-0.626310617100776
-3.6423456300355164,1.4892935463957864
0.20895166978565616,-0.14992936125333411
-5.010689615561409,1.0607982387357788
3.8503870202654333,3.0975513665440424
-4.3992706545667986,1.6015275685999004
0.16396705883808682,0.6048314525629621
-1.0651188418718966,3.279188083427332
-2.6516768429506206,-0.31002848900283997
5.664983013813748,0.9542220607059146
-4.026002817259001,1.8851180700011927
-4.503836746415277,3.555741474812123
-4.917451614270647,2.545232404276323
-4.154089133804931,2.5212298893528633
4.310189182974673,3.9183085998690963
-3.495882753134452,-0.8202799683496274
1.2258941827912704,1.579604443892638
6.063553000187895,3.006574148962679
1.4347349068975879,-0.680467418197459
-4.788365474040185,2.577437183486138
-5.028777693395194,0.7406113666752123
7.701495119391462,0.976738557120588
8.2272828711113,-4.5127223442187585
-4.408437665768341,-3.941062217358095
7.731745215991062,0.1455304385942231
5.159355110402505,3.9462616912961135
8.286161220601906,-0.37637614914426987
7.5101069974751145,1.5691980381776967
7.403773899269726,0.5065653326293598
0.23138076715639322,2.6882933981909325
5.925940574090227,3.992446282137175
-4.772030959354875,3.3210453326704688
8.351367485590067,-5.246759478034827
-0.036692476013726605,3.767917643373888
-4.854569130764744,-2.063363072359568
7.463237800061211,2.3498400534417865
-4.899638741289282,-3.105001798377518
-2.189877435388659,1.4493560594912047
8.55159967475091,1.450456781484716
1.1128204001628523,0.94203955199451
3.329541003496324,-0.30607320091500334
-3.6935151661075976,1.6958899921320647
1.1655326612356385,0.743205264295109
8.93419411042822,3.241157997069392
2.8680177338171795,0.5662001889899768
7.731976204627962,0.8604816863979678
0.7253399764364499,2.2254034866907375
7.702012077464712,-3.2541837262921534
0.28232608913066937,0.20054975457380486
-2.0279088716939464,2.357116693475545
8.602832960480706,-0.21020681043266798
8.789232915023053,-1.7902687270953095
5.323177175233157,0.9500960704038226
0.13634834587089983,0.5845067069622036
5.237261577583828,0.5408656131657201
5.403707349587844,3.545222736861401
-3.4138496667580855,2.028907788104741
0.8684712200822355,2.860353294494322
1.2624669716942352,3.634816116137241
3.091816007343601,2.8507545719488956
8.25492486209355,-2.1551866467206695
8.967721934261165,-4.826923360405293
-1.9996858180482473,2.0873252214675624
7.640642735930326,-1.6201838108065099
0.35373417820220876,1.699769650059899
7.166463921959673,1.4344929227144938
2.9209435025150157,3.9822643358442367
7.77834261536759,0.1571717028305688
8.23588289857589,3.598450803414604
7.726932619618875,-4.0326351819664
7.752370864505011,-0.1966090565659222
-0.7425479616402226,0.766560500761222
8.606204154069992,-3.8517172151769183
2.793457967191552,1.6900142334887303
-0.2908780749376101,4.006505336727184
-4.386454223598265,-4.355403998199981
-3.2652669894458337,2.668459260812888
7.834573540579612,-3.7474732460828895
-4.3289467595962545,-2.545526134740823
8.401665583933925,1.9868364424770366
8.325357079439934,2.7929089790953103
-3.574445530864639,-4.432197792394247
6.96357309038399,1.5500175438173613
-3.877914199369953,0.8045593255515184
0.14567444728622103,-0.2307243014320699
8.15219998908246,-5.078868804847467
0.19769256281146408,3.260292819964258
5.548470581505603,2.256968804570187
-0.8514722372648871,1.8209504934080112
-4.018347736865227,3.406210012676379
-4.079367657928335,-1.3908511290239947
9.162824073759033,-4.017897000795455
7.221757000419267,3.3020350562958445
-4.340044183548571,-2.9778951097689474
7.588607231104765,-3.5562814225418706
8.845448938922416,-4.504901071179912
-0.18526500308037264,-0.584793791896117
9.043525127126092,-4.239682002189674
1.2073671051675907,2.941228135864632
9.026671683929848,-3.0530095821031398
-0.47036941622917894,2.775422035525576
5.674244021620371,-0.5018856298761678
-1.9933008696428223,-0.5911096468643393
7.85868832396765,-0.27773787653650217
6.15375363802157,0.1644237778343811
1.5032936334496458,1.0702041984427764
-3.779306719810975,-0.42923388820312613
-4.647306932078397,-3.8940246583701774
-4.01010317486345,-3.384311010334701
8.694728508597237,-5.188184213945829
7.074722026622606,0.6739147702148642
1.0313621206875458,0.35173111077698227
0.5737091951066997,1.2320705732011294
0.06775627204635182,3.1427937601821014
-4.412197469224262,2.0821094854330564
-4.807801545587256,2.0642541744700313
5.894820065834374,2.1673645054399184
3.940668140090253,3.545968814368644
1.1771025381760891,0.0446471592193749
-4.78516639129722,1.562921024164595
-1.091872466035043,0.8917787302691638
-4.493481555249592,-2.1702373177550873
-4.0733447222845625,2.640448787052298
0.904308211204123,-0.4169152282224884
3.361021983387051,0.9413450177102964
-2.62649115867807,0.1458710315191043
8.614676510475633,2.497581773842695
4.427867578035091,-0.3698476492873999
8.21311280092204,0.2769406316616436
4.887769960374703,3.877406478135672
9.030121647953331,-3.014932563120926
